id,level,area,question,option_a,option_b,option_c,option_d,option_e,correct_option,explanation_correct,explanation_incorrect,source_url,review_note
PID-001,Beginner,Persistent Identifiers,What does the acronym DOI stand for?,Data Object Interface,Digital Object Identifier,Document Origin Indicator,Directory Of Information,Digital Ownership Index,b,"A DOI is a Digital Object Identifier: a persistent identifier standardised as ISO 26324, used to identify digital, physical, or abstract objects such as journal articles and datasets.","The other options are plausible-sounding expansions but are not the real name; the term emphasises identifying an 'object', not ownership or a directory.",https://www.doi.org/the-identifier/what-is-a-doi/,
PID-002,Beginner,Persistent Identifiers,What does ORCID stand for?,Official Registry of Contributor IDs,Open Researcher and Contributor ID,Open Registry of Cited Institutional Data,Organisational Research Contribution Index,Online Research Citation Identification,b,"ORCID stands for Open Researcher and Contributor ID; it provides a free, unique, persistent identifier that distinguishes one researcher from another.","ORCID identifies people, not institutions or citations, so options referring to institutional data or citation indexes are incorrect.",https://info.orcid.org/what-is-orcid/,
PID-003,Beginner,Persistent Identifiers,What kind of entity does a ROR identifier identify?,Datasets,Research organizations,Funding grants,Individual researchers,Journal articles,b,"ROR (Research Organization Registry) provides open persistent identifiers for research organizations, helping disambiguate institution names in scholarly metadata.",Researchers are identified by ORCID and outputs by DOIs; ROR is specifically for affiliations/organizations.,https://ror.org/about/,
PID-004,Beginner,Persistent Identifiers,Which of these is an example of a correctly formed DOI?,10.1000/182,ORCID:0000-0002-1825-0097,https://ror.org/02mhbdp94,ISBN 978-3-16-148410-0,doi://article/12345,a,"A DOI has a prefix beginning with '10.' and a suffix separated by a forward slash, e.g. 10.1000/182; it is made actionable as https://doi.org/10.1000/182.","The other strings are a different identifier type (an ORCID iD, a ROR ID, an ISBN) or an invented syntax.",https://www.doi.org/the-identifier/what-is-a-doi/,
PID-005,Intermediate,Persistent Identifiers,What does the doi.org resolver actually do when you click a DOI link?,It assigns a new DOI to the object,It verifies the author's identity,It calculates the article's citation count,It stores a permanent copy of the article,It redirects the request to the resource's current web location,e,"The doi.org proxy uses Handle System technology to resolve the DOI and redirect the user to the current URL registered for that object, so links keep working when the underlying URL changes.","DOIs do not host content, count citations, or verify identity; resolution is purely redirecting to the registered location.",https://www.doi.org/the-identifier/what-is-a-doi/,
PID-006,Intermediate,Persistent Identifiers,"In a full ORCID iD such as https://orcid.org/0000-0002-1825-0097, why might the final character be the letter 'X'?",It indicates the researcher is anonymous,It is a checksum digit that can equal the value 10,It marks a deactivated account,It shows the record is private,It denotes an institutional rather than personal iD,b,The last character of an ORCID iD is a checksum computed with the ISO/IEC 7064 MOD 11-2 scheme; when the check value is 10 it is written as 'X'.,"'X' is not a status flag; it carries no meaning about privacy, activation, or account type.",https://en.wikipedia.org/wiki/ORCID,
PID-007,Intermediate,Persistent Identifiers,Which three organizations jointly operate the Research Organization Registry (ROR)?,"ORCID, ISNI, and GRID","UNESCO, OECD, and the EU","Crossref, DataCite, and the California Digital Library","Clarivate, Elsevier, and Springer Nature","arXiv, bioRxiv, and Zenodo",c,"ROR is run as a collaborative initiative by the California Digital Library, Crossref, and DataCite, and its data is openly available under CC0.","ROR grew out of (and effectively succeeded) GRID, but GRID/ISNI do not operate ROR; the commercial publishers listed are not involved.",https://ror.org/about/,
PID-008,Expert,Persistent Identifiers,What is the technical relationship between the DOI system and the Handle System?,Handles can only be created by DOI registration agencies,DOIs replaced the Handle System entirely,The DOI system uses Handle System technology for the resolution step,The Handle System is a commercial product owned by Crossref,They are unrelated identifier schemes,c,"The DOI system relies on Handle System technology (from CNRI, administered via the DONA Foundation) for resolution; a DOI is effectively a Handle in the '10.' namespace with an added metadata and social layer.","DOIs did not replace Handles and are not unrelated to them; the Handle System is an open specification, not a Crossref-owned product.",https://www.doi.org/the-identifier/what-is-a-doi/,
PID-009,Expert,Persistent Identifiers,What distinguishes ROR from earlier organization identifiers like GRID or ISNI in the scholarly context?,ROR only covers organizations in the United States,ROR is maintained by a single commercial vendor,ROR is the only one that charges a subscription fee,ROR identifies individual researchers rather than organizations,ROR data is openly available under CC0 and focused specifically on research affiliations,e,"ROR positions itself as the first openly available (CC0, open API and data dump) organization identifier focused specifically on affiliations in scholarly metadata, embedded as a default in Crossref, DataCite, and ORCID metadata.","ROR is free and global, community-operated rather than single-vendor, and identifies organizations, not people.",https://ror.org/about/,
PID-010,Master,Persistent Identifiers,How does a PURL (Persistent Uniform Resource Locator) differ fundamentally from a DOI?,A PURL guarantees the target content never changes,A PURL can only point to datasets,A PURL is essentially an HTTP redirection service with no built-in metadata or registration-agency layer,A PURL is resolved through the Handle System like a DOI,PURLs are issued exclusively by Crossref,c,"A PURL is a curated HTTP URL that redirects to a target (originally an OCLC service, now run by the Internet Archive); unlike a DOI it does not use the Handle System and has no registration-agency metadata or governance layer.","PURLs do not use the Handle System, are not Crossref-issued, are not limited to datasets, and like any redirect cannot guarantee the target content is unchanged.",https://en.wikipedia.org/wiki/Persistent_uniform_resource_locator,
PID-011,Master,Persistent Identifiers,"Following the 2021-2022 partnership with DataCite, how are IGSN IDs (for physical samples) now implemented technically?",As ARKs minted by the California Digital Library,"As functionally DataCite DOIs, with metadata structured to the DataCite schema",As a wholly separate identifier system with its own resolver,As ORCID iDs extended to objects,As Handle records outside the DOI namespace,b,"Since the IGSN e.V.-DataCite partnership, IGSN IDs for material samples are functionally DataCite DOIs whose metadata follows the DataCite Metadata Schema, giving samples the same infrastructure as other DataCite-registered objects.","IGSN IDs are no longer a fully separate system; they are not ORCID iDs, ARKs, or Handles outside the DOI namespace.",https://blog.datacite.org/igsn-and-datacite-partnership,
RDM-001,Beginner,Research Data Management,What do the four letters in the FAIR data principles stand for?,"Formatted, Archived, Interlinked, Referenced","Federated, Authenticated, Immutable, Reviewed","Findable, Accessible, Interoperable, Reusable","Free, Accessible, Indexed, Reproducible","Fast, Automated, Integrated, Reliable",c,"FAIR stands for Findable, Accessible, Interoperable, and Reusable; the principles guide how research data and metadata should be managed to maximise reuse, including by machines.","'Free' is a common misconception: the 'A' is Accessible (under clear conditions), not free, and FAIR does not by itself mean open.",https://www.go-fair.org/fair-principles/,
RDM-002,Beginner,Research Data Management,What is re3data primarily used for?,Calculating journal impact factors,Finding and comparing research data repositories,Detecting plagiarism,Assigning ORCID iDs,Hosting preprints,b,"re3data.org is a global, cross-disciplinary registry of research data repositories that researchers, funders, and librarians use to find where to deposit or locate data.","re3data does not compute metrics, issue identifiers for people, screen for plagiarism, or host preprints; it is a directory of repositories.",https://www.re3data.org/about,
RDM-003,Beginner,Research Data Management,A 'data management plan' (DMP) is best described as:,A statistical analysis script,A marketing plan for a dataset,A license that transfers data ownership to a funder,"A document describing how data will be collected, stored, documented, shared, and preserved",A subscription to a data repository,d,"A DMP is a formal document, often required by funders, setting out how data will be handled during and after a project, including storage, metadata, sharing, and preservation.","A DMP is not a license, marketing document, or analysis code; it is planning documentation.",https://grants.nih.gov/policy-and-compliance/policy-topics/sharing-policies/dms/writing-dms-plan,
RDM-004,Intermediate,Research Data Management,"A dataset is in a restricted-access repository requiring an application to obtain it, but it has rich standardized metadata and a clear reuse license. Can it still be considered FAIR?","No, because restricted data cannot have a persistent identifier","No, because FAIR and access controls are mutually exclusive","Yes, but only if the data is also under a CC0 license","Yes, because FAIR permits access controls as long as the data is discoverable and the conditions are clear","No, because FAIR requires all data to be openly and freely available",d,"FAIR is not the same as open: the 'Accessible' principle explicitly allows authentication and authorisation, provided data and metadata are findable and the access procedure is clearly specified.","'As open as possible, as closed as necessary' captures the idea; FAIR does not mandate CC0 or unrestricted access.",https://www.go-fair.org/fair-principles/,
RDM-005,Intermediate,Research Data Management,Which research output does the Zenodo repository accept?,Only preprints in physics,Only peer-reviewed journal articles,Only outputs from EU-funded projects,Only datasets from CERN experiments,"A wide range of outputs including data, software, and other artefacts, with a DOI assigned",e,"Zenodo, operated by CERN with OpenAIRE, is a catch-all repository accepting data, software, and many other output types without restrictions on format, size, or discipline, and assigns a DataCite DOI to deposits.","Zenodo is open to all researchers and output types, not limited to CERN, EU projects, physics, or journal articles.",https://about.zenodo.org/,
RDM-006,Intermediate,Research Data Management,"Under the NIH Data Management and Sharing (DMS) Policy effective January 25, 2023, at minimum when must scientific data underpinning a publication be shared?",Sharing is encouraged but never required,No later than the time of the associated publication,Within five years of the grant ending,Only if another researcher formally requests it,Ten years after data collection,b,"The NIH DMS Policy requires that, at a minimum, scientific data supporting a publication be shared by the time the publication appears; other data must be shared by the end of the project.","The policy sets sharing as an expectation with defined timing, not something optional or triggered only by external request.",https://grants.nih.gov/policy-and-compliance/policy-topics/sharing-policies/dms/policy-overview,
RDM-007,Expert,Research Data Management,What do the CARE Principles for Indigenous Data Governance add relative to the FAIR principles?,They replace FAIR with stricter technical requirements,They are a licensing scheme like Creative Commons,They define metadata schemas for repositories,"They add a people-and-purpose-oriented, ethical, rights-based layer emphasizing collective benefit and Indigenous authority",They apply only to genomic data,d,"CARE (Collective benefit, Authority to control, Responsibility, Ethics) complements the primarily technical FAIR principles by foregrounding Indigenous Peoples' rights, self-determination, and the ethical purposes of data use.","CARE complements rather than replaces FAIR, is not limited to genomics, and is a governance framework, not a license or metadata schema.",https://en.wikipedia.org/wiki/CARE_Principles_for_Indigenous_Data_Governance,
RDM-008,Expert,Research Data Management,Which statement best captures the difference between 'findable' and 'accessible' in FAIR?,Findable applies to data and accessible applies only to software,Findable requires payment; accessible does not,They are synonyms,Findable means data and metadata can be located via a persistent identifier and searchable metadata; accessible means they can be retrieved via a standardized protocol once found,Findable means openly licensed; accessible means indexed by Google,d,"Findability concerns persistent identifiers and rich, indexed metadata so resources can be located; accessibility concerns retrieving them via standardized, open protocols (with authentication where needed) once located.","The two are distinct steps (locate vs retrieve), not synonyms, and neither is defined by licensing or payment.",https://www.go-fair.org/fair-principles/,
RDM-009,Master,Research Data Management,Who developed the CARE Principles and in what venue?,"The OECD, in a 2015 treaty","UNESCO, as part of its 2021 Open Science Recommendation","The FAIR authors, as an appendix to the 2016 paper",The US National Institutes of Health,"The Global Indigenous Data Alliance via the RDA International Indigenous Data Sovereignty Interest Group, published around 2019-2020",e,"CARE was developed by the Global Indigenous Data Alliance through the Research Data Alliance's International Indigenous Data Sovereignty Interest Group, with a formative article in the Data Science Journal in 2020.","CARE is not an OECD, UNESCO, or NIH product, and it is distinct from the 2016 FAIR paper.",https://en.wikipedia.org/wiki/CARE_Principles_for_Indigenous_Data_Governance,
OA-001,Beginner,Open Access,"In open access publishing, what is 'gold' open access?",Depositing a manuscript in a repository,A journal ranking tier,Paying to read an article,Publishing in an open access journal where the version of record is immediately free to read,Access restricted to gold-tier subscribers,d,"Gold open access means the final version of record is made openly available directly by the journal, often (though not always) funded by an article processing charge.","Depositing in a repository is green OA, not gold; gold is about where the version of record is made open, not a ranking or subscription tier.",https://authorservices.taylorandfrancis.com/choose-open/publishing-open-access/oa-green-gold/,
OA-002,Beginner,Open Access,What is 'green' open access?,Paying an article processing charge,A type of Creative Commons license,Access that expires after one year,Self-archiving a version of the article in a repository to make it freely accessible,Publishing only in environmentally themed journals,d,"Green open access refers to self-archiving a version of a work (often the author accepted manuscript) in an institutional or subject repository, providing free access without necessarily paying a fee.","Green OA is about the repository route, not journal subject matter, APCs, or a specific license; embargoes may apply but are not its definition.",https://libguides.colostate.edu/open-access/green-OA,
OA-003,Beginner,Open Access,"The 2002 statement widely credited with an early, influential definition of 'open access' is the:",Budapest Open Access Initiative,Plan S,Leiden Manifesto,San Francisco Declaration on Research Assessment,Barcelona Declaration,a,The Budapest Open Access Initiative (February 2002) gave one of the first and most influential definitions of open access and named two strategies: self-archiving and open access journals.,The Leiden Manifesto and DORA concern research assessment; Barcelona concerns open research information; Plan S is a 2018 funder policy.,https://www.budapestopenaccessinitiative.org/read/,
OA-004,Intermediate,Open Access,What is the difference between an 'author accepted manuscript' (AAM) and the 'version of record' (VoR)?,The VoR is always a preprint,"The AAM is the peer-reviewed but not yet publisher-formatted version; the VoR is the final published, publisher-formatted version",They are identical,The AAM is the first draft before peer review; the VoR is the AAM,The AAM is only for datasets,b,"The AAM (post-print) reflects the content after peer review but before the publisher's copyediting and typesetting; the VoR is the final, formatted published article. Green OA policies often permit sharing the AAM.","The AAM is not the pre-review draft (that is a preprint), and the VoR is not a preprint; they are different stages of the same article.",https://libguides.durham.ac.uk/open_research/routestooa,
OA-005,Intermediate,Open Access,'Diamond' (or 'platinum') open access is best described as:,Access limited to premium subscribers,"Journals that are free to read and free to publish in, with no author-facing charges",Open access journals that charge high article processing charges,Green self-archiving after an embargo,A hybrid journal model,b,"Diamond (platinum) open access journals levy no charges on either readers or authors, and are typically run by universities, societies, or scholar-led groups with in-kind or grant support.","Diamond OA specifically means no APCs; it is not a high-fee model, a subscription tier, hybrid, or the green route.",https://en.wikipedia.org/wiki/Diamond_open_access,
OA-006,Intermediate,Open Access,"In a 'hybrid' open access journal, what does the model involve?","A subscription journal that also offers, for a fee, open access to individual articles",A repository that hybridizes green and gold,A journal that mixes preprints and datasets,A journal that alternates open and closed issues,A journal that is fully open access with no fees,a,A hybrid journal is a subscription-based journal in which authors can pay an article processing charge to make their individual article open access while the rest of the journal remains behind a paywall.,"Hybrid is not fully open, not a repository, and not about mixing content types or alternating issues; Plan S notably discouraged funding hybrid APCs.",https://www.coalition-s.org/plan_s_principles/,
OA-007,Expert,Open Access,'Bronze' open access is distinguished from gold and green primarily because:,It is published in a diamond journal,"The article is free to read on the publisher's site but has no open license, so reuse rights are unclear and access can be withdrawn",It is always deposited in a repository,It requires the highest article processing charge,It applies only to monographs,b,"Bronze OA describes articles free to read on the publisher's website but carrying no explicit open license, meaning reuse rights are undefined and the free access can be removed at the publisher's discretion.","Bronze is defined by the absence of a clear license, not by repository deposit, journal type, fees, or format.",https://libguides.durham.ac.uk/open_research/routestooa,'Bronze OA' is a widely used term from Piwowar et al. 2018; the Durham guide is a secondary source. Confirm the definition framing before publishing.
OA-008,Expert,Open Access,What problem does cOAlition S's Rights Retention Strategy aim to solve?,Duplicate publication,Slow peer review,The cost of article processing charges,Publisher embargoes and license restrictions that would otherwise block immediate green open access of the author accepted manuscript,The lack of persistent identifiers,d,"The Rights Retention Strategy has funders require grantees to attach a CC BY license (via a prior obligation) to their author accepted manuscripts, so authors can make them openly available immediately regardless of publisher embargo terms.","The strategy targets rights and embargoes, not APC costs, identifiers, review speed, or duplication.",https://www.coalition-s.org/rights-retention-strategy/,
OA-009,Master,Open Access,cOAlition S announced that its financial support for open access publishing under 'transformative arrangements' would end at which point?,"At the end of 2024, after which agreements were expected to be 'pure publish' type",In 2018 when Plan S launched,Only after 2030,Support is open-ended with no end date,It was never funded,a,"cOAlition S confirmed that support for transformative arrangements (transitional deals meant to flip subscription spend to open access) ends after 2024, with the expectation that subsequent agreements would be 'pure publish'.","Transformative arrangements were explicitly time-limited transitional tools, not unfunded, permanent, or tied only to Plan S's launch year.",https://www.coalition-s.org/faq/what-is-a-transformative-agreement/,"Verify the exact end-of-2024 wording against a current cOAlition S page, as the 2026-2030 strategy may restate this."
RAM-001,Beginner,Research Assessment & Metrics,What is a journal's Impact Factor intended to measure?,The quality of an individual article,The number of authors per paper,The salary of the editor,The number of subscribers,The average number of recent citations to articles in that journal,e,"The Journal Impact Factor is a journal-level average: citations in a given year to the journal's items from the two preceding years, divided by the number of citable items in those two years.","It is a journal-level average, not a measure of an individual article's quality, author counts, subscriber numbers, or editorial pay.",https://clarivate.com/academia-government/essays/impact-factor/,
RAM-002,Beginner,Research Assessment & Metrics,"DORA, a widely signed declaration on research assessment, stands for:",Digital Open Research Archive,San Francisco Declaration on Research Assessment,Data Openness and Reuse Agreement,Declaration of Open Research Access,Directory of Research Assessment,b,"DORA is the San Francisco Declaration on Research Assessment (2012), which calls for not using journal-based metrics such as the Impact Factor as a proxy for the quality of individual research.",The other expansions are invented; DORA is specifically about reforming how research and researchers are assessed.,https://sfdora.org/read/,
RAM-003,Beginner,Research Assessment & Metrics,The h-index of a researcher is defined such that they have an h-index of h when:,h of their papers have each been cited at least h times,They have published exactly h papers,They have worked for h years,Their most-cited paper has h citations,h co-authors have cited them,a,A researcher has an h-index of h if h of their publications have each received at least h citations; it tries to balance productivity and citation impact in one number.,"The h-index is not just a paper count, a single paper's citations, years of service, or co-author behaviour.",https://en.wikipedia.org/wiki/H-index,Definition is standard (Hirsch 2005); Wikipedia used as a convenience source. Consider citing Hirsch's PNAS paper.
RAM-004,Intermediate,Research Assessment & Metrics,What is the central recommendation of DORA regarding the Journal Impact Factor?,Apply it only to open access journals,"Do not use journal-based metrics as a surrogate for the quality of individual articles or in hiring, promotion, and funding decisions",Calculate it over five years instead of two,Replace it with the h-index,Use it as the primary hiring criterion,b,"DORA's general recommendation is explicitly to not use journal-based metrics, such as Journal Impact Factors, as a surrogate for the quality of individual research articles or a researcher's contributions in hiring, promotion, or funding.","DORA discourages, rather than reconfigures, reliance on the JIF; it does not merely swap in the h-index or change the calculation window.",https://sfdora.org/read/,
RAM-005,Intermediate,Research Assessment & Metrics,The Leiden Manifesto (2015) is best described as:,A persistent identifier standard,A publisher code of conduct,Ten principles for the responsible measurement of research performance,A ranking of the world's universities,A funder mandate requiring open access,c,"The Leiden Manifesto, published in Nature in 2015, offers ten principles for the responsible use of metrics in research evaluation, stressing that quantitative measures should support, not replace, expert judgement.","It is not a mandate, ranking, identifier standard, or publisher code; it is guidance on using metrics responsibly.",http://www.leidenmanifesto.org/,
RAM-006,Expert,Research Assessment & Metrics,Which are among the four 'core commitments' of the CoARA Agreement on Reforming Research Assessment?,Mandate a single global CV format,"Base assessment primarily on qualitative judgement supported by responsible quantitative indicators, and abandon inappropriate use of journal- and publication-based metrics",Rank all universities annually,Increase reliance on the Journal Impact Factor and h-index,Require all research to be gold open access,b,"CoARA's core commitments include recognising diversity of contributions, basing assessment primarily on qualitative judgement (peer review central) with responsible quantitative use, abandoning inappropriate use of metrics like the JIF and h-index, and avoiding rankings of organizations.","CoARA moves away from JIF/h-index reliance and organization rankings, and is about assessment reform, not OA mandates or CV formatting.",https://www.coara.org/news/the-agreement-on-reforming-research-assessment-is-now-final/,
RAM-007,Expert,Research Assessment & Metrics,A frequently criticized technical feature of the Journal Impact Factor is that:,It is set by each journal's editor,"The numerator and denominator count different document types (citations to all items, but only 'citable items' in the denominator)",It counts only self-citations,It is recalculated every day,It excludes review articles entirely,b,"A well-known criticism is the numerator/denominator asymmetry: citations to all content (including editorials and letters) can count in the numerator, while the denominator counts only 'citable items' such as articles and reviews, which can inflate the ratio.","The JIF is published annually (not daily), does not count only self-citations, is computed by Clarivate rather than editors, and includes review articles.",https://clarivate.com/academia-government/blog/closer-look-journal-impact-factor-numerator/,
RAM-008,Master,Research Assessment & Metrics,"Who prepared the CoARA Agreement, and roughly when was it finalized?","DORA's steering group, in 2012","UNESCO member states, in 2021","The European Commission alone, in 2018","A team from the European University Association (EUA), Science Europe, and the European Commission, finalized in July 2022","Clarivate and Elsevier, in 2020",d,"The Agreement on Reforming Research Assessment was drafted by a team including the EUA, Science Europe, and the European Commission (with expert input) and published on 20 July 2022; CoARA, the coalition to implement it, launched in December 2022.","It was a multi-stakeholder European effort finalized in 2022, not a solo Commission, commercial, UNESCO, or DORA product.",https://www.coara.org/news/the-agreement-on-reforming-research-assessment-is-now-final/,
RAM-009,Master,Research Assessment & Metrics,The Barcelona Declaration on Open Research Information (launched 2024) primarily commits signatories to:,Require diamond open access for all journals,Create a single global researcher ranking,Adopt the Journal Impact Factor as a standard,Abolish peer review,"Make openness the default for the research information they produce and use, and support open infrastructures over closed/proprietary sources",e,"The Barcelona Declaration commits organizations to make open research information (metadata about publications, affiliations, citations, etc.) the default, to use and support services enabling openness, and to sustain open infrastructures rather than rely on closed proprietary databases.","It concerns the openness of research information/metadata, not abolishing peer review, endorsing the JIF, mandating diamond OA, or ranking researchers.",https://barcelona-declaration.org/,
RI-001,Beginner,Research Integrity,"Under the widely used US federal definition, the three core forms of research misconduct are:","Self-citation, salami slicing, and ghostwriting","Fabrication, falsification, and plagiarism","Copyright infringement, libel, and fraud","Plagiarism, lateness, and bias","Bias, negligence, and error",b,"The US Office of Research Integrity defines research misconduct as fabrication, falsification, or plagiarism (FFP) in proposing, performing, reviewing, or reporting research.","Honest error and differences of opinion are explicitly excluded, and while other practices are problematic, the canonical trio is FFP.",https://ori.hhs.gov/definition-misconduct,
RI-002,Beginner,Research Integrity,"What does COPE, the organization, stand for?",Center for Open Preprint Evaluation,Consortium of Publishing Enterprises,Committee on Publication Ethics,Council of Peer Editors,Coalition for Open Publishing Ethics,c,"COPE is the Committee on Publication Ethics, which provides guidance and resources on publication ethics to editors and publishers.",The other expansions are invented; COPE focuses specifically on publication ethics guidance.,https://publicationethics.org/about,
RI-003,Beginner,Research Integrity,What is 'plagiarism' in the research-integrity sense?,Publishing the same study twice,"Appropriating another person's ideas, results, or words without appropriate credit",Failing to share data,Making up data that was never collected,Disagreeing with peer reviewers,b,"Plagiarism is the appropriation of another person's ideas, processes, results, or words without giving appropriate credit.","Fabricating data is fabrication, and republishing the same work is duplicate publication; those are distinct from plagiarism.",https://ori.hhs.gov/definition-misconduct,
RI-004,Intermediate,Research Integrity,"Under the US federal definition, what is the difference between fabrication and falsification?",Fabrication applies to text and falsification to images,Falsification is always accidental,Fabrication concerns funding and falsification concerns authorship,"Fabrication is making up data or results; falsification is manipulating materials, equipment, or processes, or changing/omitting data so results are misrepresented",They are identical,d,"Fabrication is inventing data or results and recording or reporting them; falsification is manipulating research materials, equipment, or processes, or changing or omitting data or results, such that the research is not accurately represented.","The two are distinct but related; neither is defined by medium (text vs image), intent as 'accidental', or funding/authorship.",https://ori.hhs.gov/definition-misconduct,
RI-005,Intermediate,Research Integrity,What is the primary role of COPE for its members?,It legally prosecutes researchers for misconduct,It assigns DOIs to retractions,It ranks journals by ethics,"It provides guidance, flowcharts, and a forum to discuss and handle publication-ethics cases",It funds replication studies,d,"COPE offers members guidance in the form of core practices, flowcharts, discussion documents, and a forum to discuss individual cases; it educates and advises rather than adjudicating or prosecuting.","COPE does not prosecute, mint identifiers, rank journals, or fund research; its role is guidance and support.",https://publicationethics.org/about,
RI-006,Expert,Research Integrity,"In 2023, the Retraction Watch database was acquired and made openly available by which organization, integrating retraction data into its public API?",Clarivate,DataCite,Elsevier,ORCID,Crossref,e,"In September 2023 Crossref acquired the Retraction Watch database and made it openly available, with retraction data now surfaced through the Crossref REST API and kept updated in partnership with Retraction Watch.","It was Crossref, not a commercial database vendor, DataCite, or ORCID, that opened this data.",https://www.crossref.org/blog/news-crossref-and-retraction-watch/,
RI-007,Expert,Research Integrity,The Hong Kong Principles (2019) are primarily concerned with:,How to format data management plans,Ranking universities,Assessing researchers in ways that strengthen research integrity and reduce perverse incentives,Setting article processing charge caps,Defining persistent identifier syntax,c,"The Hong Kong Principles, from the 6th World Conference on Research Integrity (2019), set out five principles for assessing researchers in ways that reinforce integrity, such as valuing complete reporting and open science practices.","They address researcher assessment and integrity, not DMP formatting, APC caps, identifier syntax, or rankings.",https://www.wcrif.org/guidance/hong-kong-principles,
RI-008,Master,Research Integrity,"'HARKing', a questionable research practice, refers to:",Citing one's own prior work,Peer reviewing anonymously,Registering a study protocol,"Hypothesizing After the Results are Known, i.e. presenting a post-hoc hypothesis as if it had been predicted in advance",Sharing data before publication,d,"HARKing stands for Hypothesizing After the Results are Known: framing an exploratory finding as though it were an a priori prediction, which inflates apparent confirmatory support and is a target of practices like preregistration.","HARKing is not about data sharing, anonymous review, self-citation, or preregistration itself (which counteracts HARKing).",https://www.cos.io/initiatives/registered-reports,
RI-009,Master,Research Integrity,"Approximately how many retractions did the combined Crossref/Retraction Watch dataset cover when the data was opened, reflecting the scale of the retraction record?","On the order of tens of thousands (roughly 40,000-50,000)",Fewer than 100,"Exactly 1,000",Around 500,About 2 million,a,"Reporting around the 2023 acquisition described the combined dataset as covering on the order of tens of thousands of retractions (roughly 40,000-50,000), reflecting how the retraction record has grown.","The scale is tens of thousands, not hundreds, exactly a thousand, or millions.",https://www.crossref.org/blog/news-crossref-and-retraction-watch/,Exact totals vary by source and grow over time; treat the 40k-50k range as approximate and re-check before publishing.
RM-001,Beginner,Reproducibility & Open Methods,"In the influential 2019 US National Academies framing, 'reproducibility' most precisely means:",Having your work cited by others,Publishing in a reproducible journal,Getting consistent results from a new study with newly collected data,"Obtaining consistent results using the same input data, code, and analysis steps",Repeating an experiment in a different country,d,"The National Academies define reproducibility as obtaining consistent results using the same input data, computational steps, methods, code, and conditions of analysis (computational reproducibility).","Using new data to re-ask the question is replicability, not reproducibility, in this framing; the other options are unrelated.",https://www.nationalacademies.org/read/25303/chapter/3,
RM-002,Beginner,Reproducibility & Open Methods,What is 'preregistration' of a study?,Submitting a manuscript before it is written,Paying a publication fee in advance,Registering an ORCID iD,Publicly specifying hypotheses and analysis plans before collecting or examining the data,Registering for a conference,d,"Preregistration means documenting a study's hypotheses and planned analyses in a public registry before data are collected or analyzed, helping distinguish confirmatory from exploratory work.","It is not conference sign-up, prepaying fees, submitting an unwritten manuscript, or obtaining an identifier.",https://www.cos.io/initiatives/registered-reports,
RM-003,Intermediate,Reproducibility & Open Methods,"In the 2019 National Academies distinction, 'replicability' refers to:","Obtaining consistent results across studies aimed at the same question, each collecting its own new data",Translating a paper,Archiving data in a repository,Rerunning the same code on the same data,Reformatting a paper for a new journal,a,"Replicability is obtaining consistent results across different studies that each answer the same scientific question with their own newly collected data, in contrast to reproducibility, which reuses the same data.",Rerunning the same code on the same data is reproducibility; the other options are unrelated tasks.,https://www.nationalacademies.org/read/25303/chapter/3,
RM-004,Intermediate,Reproducibility & Open Methods,How does a Registered Report differ from ordinary preregistration?,"The study protocol is peer reviewed before data collection and can receive 'in-principle acceptance', so publication does not depend on the results",It is reviewed only after publication,It is identical,It only applies to clinical trials,It requires no peer review at all,a,"In a Registered Report, a Stage 1 manuscript (introduction and methods) is peer reviewed before data collection; if accepted in principle, the journal commits to publishing the completed study regardless of whether results are positive, reducing publication bias.","Unlike plain preregistration, the protocol undergoes journal peer review and carries a publication commitment; it is not review-free or limited to clinical trials.",https://www.cos.io/initiatives/registered-reports,
RM-005,Intermediate,Reproducibility & Open Methods,"The TOP Guidelines, adopted by many journals, primarily address:",Article processing charges,"Transparency and openness standards for journal policies (e.g., data, code, and materials sharing)",Persistent identifier syntax,University rankings,Copyright transfer terms,b,"The Transparency and Openness Promotion (TOP) Guidelines, from the Center for Open Science, give journals a menu of standards such as data, analysis code, and materials transparency, each implementable at increasing levels of stringency.","TOP is about openness/transparency policy, not identifiers, fees, rankings, or copyright transfer.",https://www.cos.io/initiatives/top-guidelines,
RM-006,Expert,Reproducibility & Open Methods,Which set of problems are Registered Reports specifically designed to reduce?,Peer reviewer shortages,Plagiarism and image duplication,Slow typesetting and high APCs,"Publication bias, p-hacking, and HARKing",Data storage costs,d,"By fixing hypotheses and analyses before results are known and guaranteeing publication of sound studies, Registered Reports target publication bias, p-hacking (exploiting analytic flexibility), and HARKing.","They are not aimed at typesetting, APCs, plagiarism, storage costs, or reviewer supply.",https://www.cos.io/initiatives/registered-reports,
RM-007,Expert,Reproducibility & Open Methods,"In the TOP Guidelines, what does having 'three levels' for each standard mean?",Three separate journals must agree,Reviews happen in three rounds,"Each transparency standard can be implemented at increasing stringency, from disclosure, to requiring sharing, to verification",There are only three standards in total,Authors get three submission attempts,c,"Each TOP standard can be adopted at one of three levels of increasing rigor, roughly: disclose whether the practice was followed, require the practice (e.g., share the data), or verify/certify compliance, letting journals adopt openness incrementally.","The levels describe stringency of a single standard, not journal counts, a total number of standards, submission attempts, or review rounds.",https://www.cos.io/initiatives/top-guidelines,
RM-008,Master,Reproducibility & Open Methods,Why does the 2019 National Academies report argue that a lack of replicability is not always a sign of error or misconduct?,"Because non-replication can legitimately arise from the inherent complexity and variability of what is being studied, and can itself drive scientific discovery",Because journals never publish replications,Because all non-replication is due to fraud,Because replication is impossible in principle,Because replicability and reproducibility are the same thing,a,"The report notes that some non-replication is expected and even useful: it can result from the genuine complexity of systems under study and can prompt new hypotheses, so it should not be automatically equated with error or misconduct.","The report does not claim replication is impossible, that non-replication is always fraud, or that the two terms are synonymous.",https://www.nationalacademies.org/read/25303/chapter/3,
RM-009,Master,Reproducibility & Open Methods,Which organization created and maintains the TOP Guidelines and the associated 'TOP Factor' concept?,UNESCO,The Center for Open Science (COS),Crossref,Elsevier,Clarivate,b,"The Center for Open Science developed the TOP Guidelines (introduced in Science in 2015) and the TOP Factor, an alternative journal metric scoring journals on their transparency policies rather than citations.","It is COS, not a commercial metrics vendor, Crossref, or UNESCO, that stewards TOP.",https://www.cos.io/initiatives/top-guidelines,
SI-001,Beginner,Scholarly Infrastructure & Organizations,Crossref is best described as:,A government agency,A university ranking service,A social network for scientists,A not-for-profit membership organization that registers DOIs and metadata for scholarly content,A commercial publisher,d,"Crossref is a not-for-profit membership organization, founded in 2000, that registers DOIs and rich metadata for journal articles, books, and other scholarly outputs, and offers services to find, cite, and link them.","Crossref is not a publisher, ranking service, government body, or social network; it is scholarly infrastructure.",https://www.crossref.org/about/,
SI-002,Beginner,Scholarly Infrastructure & Organizations,OpenAlex is:,A preprint server,"A free and open index of scholarly works, authors, institutions, sources, and more",A commercial database like Web of Science with subscription-only access,A reference manager,A plagiarism checker,b,"OpenAlex, run by the nonprofit OurResearch, is a free, openly licensed (CC0) index of scholarly entities: works, authors, sources, institutions, topics, publishers, and funders, offered with a free API.","OpenAlex is open rather than subscription-only, and it is an index, not a preprint server, reference manager, or plagiarism tool.",https://docs.openalex.org/,
SI-003,Beginner,Scholarly Infrastructure & Organizations,What does the Unpaywall service help users do?,Rank journals,Bypass all copyright restrictions,Store their own data,Pay article processing charges,"Find legal, freely available open access versions of scholarly articles",e,"Unpaywall, from OurResearch, locates legally available open access copies of articles by harvesting repositories and publisher sites, delivered via a browser extension and API.","Unlike Sci-Hub, Unpaywall uses only legitimate open sources; it does not process payments, rank journals, or host user data.",https://en.wikipedia.org/wiki/Unpaywall,
SI-004,Intermediate,Scholarly Infrastructure & Organizations,What is the primary difference in scope between Crossref and DataCite?,"Crossref focuses mainly on registering DOIs for publications like journal articles, while DataCite focuses on DOIs for research data and other outputs",DataCite is a commercial publisher,Crossref handles data and DataCite handles articles,Neither issues DOIs,They are the same organization,a,"Both are DOI registration agencies, but Crossref's core community is scholarly publications (articles, books, conference papers) while DataCite specializes in DOIs for datasets, software, samples, and other outputs; they collaborate (e.g., on ROR).","Their emphases are not reversed, they are distinct organizations, both do issue DOIs, and DataCite is a nonprofit membership body, not a publisher.",https://datacite.org/what-we-do/,
SI-005,Intermediate,Scholarly Infrastructure & Organizations,What does SPARC (in the scholarly-communications context) stand for and do?,"The Scholarly Publishing and Academic Resources Coalition; it advocates for open access, open data, and open education",A publisher; it sells journals,A metrics firm; it sells citation data,A repository; it stores datasets,A ranking agency; it ranks universities,a,"SPARC is the Scholarly Publishing and Academic Resources Coalition, a nonprofit whose members are libraries and academic organizations, advocating for open access, open data, and open education and driving policy change.","SPARC is an advocacy coalition, not a ranking agency, publisher, metrics vendor, or repository.",https://sparcopen.org/who-we-are/,
SI-006,Expert,Scholarly Infrastructure & Organizations,The Principles of Open Scholarly Infrastructure (POSI) are organized around which three areas?,"Speed, cost, and marketing","Peer review, editing, and typesetting","Hardware, software, and staffing","Findability, accessibility, and reuse","Governance, sustainability, and insurance",e,"POSI groups its principles into governance (e.g., stakeholder-governed, cannot lobby), sustainability (e.g., transparent operations, revenue from services not data), and insurance (e.g., open source, data available for others to replicate if the organization fails).","POSI is not organized around marketing, publishing production steps, the FAIR letters, or generic resource categories.",https://openscholarlyinfrastructure.org/,
SI-007,Expert,Scholarly Infrastructure & Organizations,"Which organization is chiefly known for research, advocacy, and tools (such as 'Infra Finder') to help sustain and fund open scholarly infrastructure?",arXiv,Elsevier,Clarivate,ORCID,Invest in Open Infrastructure (IOI),e,"Invest in Open Infrastructure (IOI) is an independent nonprofit that produces research, advisory work, and tools like Infra Finder to help the community understand, coordinate investment in, and sustain open research infrastructure.","IOI is distinct from commercial vendors, from the identifier body ORCID, and from the preprint server arXiv.",https://investinopen.org/about/,
SI-008,Expert,Scholarly Infrastructure & Organizations,FORCE11 is best known as the community associated with which of the following?,The Budapest Open Access Initiative,The Handle System,"The FAIR principles, the Joint Declaration of Data Citation Principles, and the Software Citation Principles",The Journal Impact Factor,The h-index,c,"FORCE11 (Future of Research Communications and e-Scholarship) is a community that helped produce foundational frameworks including the FAIR guiding principles, the Joint Declaration of Data Citation Principles, and the Software Citation Principles.","FORCE11 is not the origin of the JIF or h-index, the Handle System, or the Budapest Open Access Initiative.",https://force11.org/about/,
SI-009,Master,Scholarly Infrastructure & Organizations,"Under POSI, what does the 'living will' / insurance concept require of an open infrastructure organization?",That it never changes its software,That it store data on a single server,That its code is open source and its data can be preserved and replicated elsewhere if the organization ceases to operate,That it be owned by a single university,That it charge subscription fees,c,"POSI's insurance principles call for open source software and depositing data with trusted archives so the community could re-create the service if the organization failed, reducing lock-in and single points of failure.","The concept is about survivability and openness, not freezing software, single ownership, mandatory subscriptions, or single-server storage.",https://openscholarlyinfrastructure.org/,
PPR-001,Beginner,Preprints & Peer Review,What is a 'preprint'?,A press release,A printed proof sent to the author,A retracted article,A journal's print edition,A version of a scholarly manuscript shared publicly before formal peer review and publication,e,"A preprint is a manuscript that authors post publicly (often on a preprint server) before, or in parallel with, submission to a peer-reviewed journal, enabling early sharing and feedback.","A preprint is not a proof copy, press release, retraction, or the print edition of a journal.",https://www.biorxiv.org/about-biorxiv,
PPR-002,Beginner,Preprints & Peer Review,"arXiv, founded in 1991, is a preprint server that primarily serves which fields?",Fine arts,"Physics, mathematics, computer science, and related quantitative fields",Clinical medicine only,Business management only,Law and humanities,b,"arXiv, started by Paul Ginsparg in 1991, hosts preprints in physics, mathematics, computer science, quantitative biology, statistics, and related quantitative disciplines.","arXiv's coverage is the quantitative sciences; it is not focused on law, humanities, clinical medicine, arts, or business.",https://info.arxiv.org/about/index.html,
PPR-003,Beginner,Preprints & Peer Review,Does posting a preprint on arXiv mean the paper has been peer reviewed?,"No, arXiv rejects all unreviewed work","No, arXiv moderates submissions for suitability but does not peer review them","Yes, but only in physics",Only if the author pays,"Yes, arXiv peer reviews every submission",b,"arXiv applies a moderation process to check that submissions are topical and of scholarly value, but it explicitly does not peer review them; peer review happens if and when the work is submitted to a journal.","arXiv does not conduct peer review in any field, does not reject all unreviewed work (that is its main content), and does not gate this on payment.",https://info.arxiv.org/about/index.html,
PPR-004,Intermediate,Preprints & Peer Review,"Which laboratory launched bioRxiv in 2013, and what does the server host?",Cornell University; mathematics preprints,The Broad Institute; clinical trials,Cold Spring Harbor Laboratory; life sciences preprints,CERN; physics data,EMBL; chemistry articles,c,"bioRxiv was launched in 2013 by Cold Spring Harbor Laboratory as an open preprint server for the life sciences; in 2025 its operation moved to a new nonprofit, openRxiv.","CERN runs services like Zenodo, and arXiv (Cornell-hosted for years) covers the quantitative sciences; bioRxiv is specifically life sciences.",https://www.biorxiv.org/about-biorxiv,
PPR-005,Intermediate,Preprints & Peer Review,What is a common relationship between preprints and subsequent journal publication?,Preprints replace journals entirely,Journals always reject preprinted work,Posting a preprint automatically retracts it,Preprints can never be submitted to journals,"Many preprints are later submitted to and published in peer-reviewed journals, with the preprint remaining available",e,"Preprinting and journal publication are typically complementary: a large share of preprints are subsequently published in journals, while the preprint version remains publicly accessible and citable.","Preprinting does not preclude journal submission, retract the work, or universally trigger rejection; most journals now accommodate preprinted manuscripts.",https://www.biorxiv.org/about-biorxiv,
PPR-006,Expert,Preprints & Peer Review,COAR Notify is an initiative to:,Provide a plagiarism-detection API,Assign DOIs to preprints,Rank repositories by size,Replace institutional repositories,"Standardize, using W3C Linked Data Notifications, the exchange of messages linking repositories with peer-review and other services",e,"COAR Notify, from the Confederation of Open Access Repositories, develops community conventions built on W3C Linked Data Notifications so repositories can interoperate with external services such as overlay journals and peer-review platforms in a decentralized way.","It is about interoperable notifications, not ranking repositories, minting DOIs, replacing repositories, or plagiarism detection.",https://coar-notify.net/,
PPR-007,Expert,Preprints & Peer Review,'Open peer review' can refer to several practices. Which is one recognized form?,Reviewer identities and/or review reports are made public rather than kept anonymous,Reviews are conducted before the study is designed,Only the editor may read the reviews,Reviews are destroyed after use,Authors review their own papers,a,"Open peer review is an umbrella term for practices that increase transparency, such as revealing reviewer identities, publishing the review reports alongside the article, or both, in contrast to traditional closed anonymous review.","Open peer review does not mean destroying reviews, restricting them to the editor, reviewing before study design, or self-review.",https://joss.theoj.org/about,'Open peer review' has many definitions (Ross-Hellauer 2017). JOSS is cited as an example of open review; consider a dedicated source on the taxonomy.
PPR-008,Master,Preprints & Peer Review,"In 2025, operational responsibility for bioRxiv and medRxiv moved to which type of entity?",They were shut down,A commercial publisher,A newly established nonprofit organization (openRxiv),A government agency,A university ranking body,c,"In 2025, stewardship of bioRxiv and its sister site medRxiv transferred from Cold Spring Harbor Laboratory to openRxiv, a newly created independent nonprofit set up to sustain the servers.","The servers were not sold to a commercial publisher, taken over by a government or ranking body, or shut down.",https://en.wikipedia.org/wiki/BioRxiv,
PPR-009,Master,Preprints & Peer Review,"Overlay journals, which COAR Notify and platforms like Episciences support, are best described as:",Journals that overlay advertisements on articles,Journals without any editors,Journals that only publish datasets,Journals whose contents are peer-reviewed articles that live on preprint servers or repositories rather than on the journal's own hosting,Print journals with digital covers,d,"An overlay journal organizes peer review and editorial selection but points to versions of record hosted on external preprint servers or repositories, layering a journal's curation 'over' existing open content.","Overlay journals are about where content is hosted and curated, not advertising, print formats, dataset-only scope, or the absence of editors.",https://coar-notify.net/,
OSS-001,Beginner,Open Source & Software,Why is citing research software with a persistent identifier increasingly encouraged?,Software cannot be cited,To increase a journal's impact factor,Because it is legally required everywhere,Because software has no authors,So that software creators receive credit and others can identify the exact version used,e,"Citing software (e.g., via a DOI to an archived release) gives developers scholarly credit and lets readers identify and reuse the exact version, supporting reproducibility.","Software can and increasingly should be cited; it has authors, and citing it is about credit and reproducibility, not journal metrics or a universal legal mandate.",https://force11.org/info/software-citation-principles-published-2016/,URL is the FORCE11 Software Citation Principles announcement; confirm the exact link resolves before publishing.
OSS-002,Beginner,Open Source & Software,What is a CITATION.cff file?,A license that forbids reuse,A continuous-integration configuration,A plain-text (YAML) file in a code repository that tells people how to cite the software,A citation to a specific paper only,A compiled software binary,c,"A CITATION.cff file is a human- and machine-readable YAML file placed in a repository that provides citation metadata (authors, title, version, DOI) so the software can be cited correctly.","It is not a binary, a restrictive license, a CI configuration, or limited to citing a single paper.",https://citation-file-format.github.io/,
OSS-003,Beginner,Open Source & Software,The Journal of Open Source Software (JOSS) is unusual because it:,Publishes only in physics,Does not use peer review,Only publishes closed-source code,Is a diamond open access journal that peer-reviews the research software itself,Charges very high fees to authors,d,"JOSS is a free-to-read, free-to-publish (diamond OA) journal whose open peer review, conducted on GitHub, evaluates the software package itself alongside a short paper.","JOSS charges no author fees, requires open-source submissions, does use (open) peer review, and is not discipline-limited.",https://joss.theoj.org/about,
OSS-004,Intermediate,Open Source & Software,"When a GitHub repository contains a CITATION.cff file, what happens on GitHub?",A DOI is minted automatically,The code is peer reviewed,Nothing; GitHub ignores it,The repository is automatically archived,GitHub displays a 'Cite this repository' option generating formatted citations,e,"GitHub reads a CITATION.cff file and surfaces a 'Cite this repository' button that offers formatted citations (e.g., APA and BibTeX) drawn from the file's metadata.","GitHub does not ignore the file, auto-archive the repo, peer review the code, or mint DOIs by itself (Zenodo integration handles DOIs separately).",https://citation-file-format.github.io/,
OSS-005,Intermediate,Open Source & Software,How does the JOSS review process primarily differ from a traditional journal's?,It reviews only the abstract,"It is conducted openly in public GitHub issues and reviews the functioning software, not just a manuscript",It is double-blind and closed,It is decided solely by citation count,It has no reviewers,b,"JOSS reviews take place openly in public GitHub issues, where reviewers check that the software installs, runs, is documented, and is reusable, in addition to a short accompanying paper.","JOSS review is open rather than closed/blind, does use reviewers, examines the whole package rather than just an abstract, and is not decided by metrics.",https://joss.theoj.org/about,
OSS-006,Expert,Open Source & Software,"A researcher wants a citable, archived snapshot of a specific software release with a DOI. A common approach is to:",Use the Zenodo-GitHub integration to archive the release and mint a DataCite DOI,Email the code to a journal,Post it as a preprint on arXiv,Register an ORCID iD for the software,Rely on the CITATION.cff file to issue a DOI,a,"Connecting a GitHub repository to Zenodo automatically archives each tagged release and assigns it a DataCite DOI, producing a citable, preserved snapshot of that exact version.","Emailing code, ORCID (for people), and arXiv are not archival DOI-minting routes; CITATION.cff records how to cite but does not itself issue a DOI.",https://about.zenodo.org/,
OSS-007,Expert,Open Source & Software,The FORCE11 Software Citation Principles were created chiefly to:,"Establish that software should be a legitimate, citable research product with guidance on how to cite it",Ban the citation of software,Define a programming language,Replace journal articles with code,Set software license fees,a,"The Software Citation Principles (FORCE11, 2016) articulate that research software is a legitimate scholarly product deserving citation, and set out principles such as importance, credit, unique identification, and accessibility.","They promote (not ban) software citation, do not replace articles, define no language, and set no fees.",https://force11.org/info/software-citation-principles-published-2016/,Confirm the exact FORCE11 URL and 2016 publication framing before publishing.
OSS-008,Intermediate,Open Source & Software,Which fiscal/organizational sponsor is associated with JOSS and Open Journals?,Springer Nature,The European Commission,Elsevier,Clarivate,"NumFOCUS, a nonprofit",e,"JOSS is published under Open Journals and operates with fiscal sponsorship from NumFOCUS, a nonprofit that supports open-source scientific computing projects.",JOSS is not backed by the commercial publishers listed or directly by the European Commission.,https://joss.theoj.org/about,
OSS-009,Master,Open Source & Software,A key reproducibility reason to archive software in a repository like Zenodo rather than only linking to GitHub is that:,GitHub is not accessible to search engines,Zenodo runs the code for you,GitHub does not allow open licenses,"GitHub repositories can be changed, moved, or deleted, whereas an archived DOI-referenced snapshot is preserved and version-specific",Zenodo peer reviews the software,d,"A GitHub URL points to a mutable, deletable repository, so it is not a reliable long-term reference; archiving a specific release in Zenodo yields a preserved, version-pinned snapshot with a DOI suitable for citation and reproducibility.","The issue is mutability/preservation, not search visibility, code execution, licensing support, or peer review (Zenodo does not review software).",https://about.zenodo.org/,
POL-001,Beginner,Policy & Funder Mandates,"Plan S, launched in 2018, is best described as:",A publisher's pricing plan,A university ranking,A persistent identifier standard,An initiative by a group of research funders (cOAlition S) requiring immediate open access to funded research,A data repository,d,"Plan S is an initiative launched in 2018 by cOAlition S, a group of research funders coordinated with Science Europe, requiring that publications from funded research be made immediately open access with no embargo.","Plan S is a funder policy, not a publisher price plan, identifier standard, ranking, or repository.",https://www.coalition-s.org/plan_s_principles/,
POL-002,Beginner,Policy & Funder Mandates,The 2022 US OSTP memo (the 'Nelson memo') is best known for requiring that federally funded research be:,Kept embargoed for 12 months,Sold to recover costs,Restricted to government employees,Published only in US journals,"Made freely available immediately, with no embargo period",e,"The 2022 OSTP memo directs federal agencies to make peer-reviewed publications from funded research freely available immediately upon publication, eliminating the previously allowed 12-month embargo.","The memo removes the embargo rather than keeping it, and does not restrict journals to the US, limit access to employees, or require sales.",https://sparcopen.org/our-work/2022-updated-ostp-policy-guidance/,
POL-003,Beginner,Policy & Funder Mandates,What is the UNESCO Recommendation on Open Science (2021)?,A persistent identifier registry,"The first international standard-setting instrument on open science, adopted by UNESCO's member states",A ranking of open universities,A binding treaty enforced by sanctions,A journal published by UNESCO,b,"Adopted in November 2021 by UNESCO's member states, the Recommendation is described as the first international standard-setting instrument on open science, providing shared definitions, values, and principles.","It is a recommendation (not a sanction-backed treaty), not a journal, ranking, or identifier registry.",https://www.unesco.org/en/open-science/about,
POL-004,Intermediate,Policy & Funder Mandates,"Under Plan S, what is the general stance on publishing in 'hybrid' journals?",It applies only to books,Publishing open access in hybrid journals is not compliant unless under a transitional 'transformative' arrangement,Hybrid journals are banned outright for all researchers,It is the preferred route,It is always compliant,b,Plan S does not consider standalone hybrid publishing compliant; it only accepted hybrid open access within time-limited transformative arrangements intended to transition journals fully to open access.,Hybrid is neither preferred nor automatically compliant; Plan S restricts (rather than universally bans) it and applies broadly to research articles.,https://www.coalition-s.org/plan_s_principles/,
POL-005,Intermediate,Policy & Funder Mandates,"A core mechanism the Nelson memo emphasizes, beyond free access to publications, is:",Eliminating peer review,Charging readers for data,Immediate access to the data underlying those publications and use of persistent identifiers,Restricting access to persistent identifiers,Longer embargoes for data,c,"Alongside zero-embargo access to publications, the 2022 OSTP guidance emphasizes providing access to the underlying data and encourages persistent identifiers for researchers, awards, and outputs.","The memo shortens rather than lengthens data timelines, promotes rather than restricts PIDs, and says nothing about ending peer review or charging readers.",https://sparcopen.org/our-work/2022-updated-ostp-policy-guidance/,
POL-006,Intermediate,Policy & Funder Mandates,"Which service did Jisc launch in November 2024 to replace Sherpa Romeo, Sherpa Juliet, and Sherpa Fact?",Unpaywall,Open Policy Finder,OpenAlex,re3data,DOAJ,b,"In November 2024 Jisc combined its Sherpa services (Romeo for publisher OA policies, Juliet for funder policies, and Fact) into a single platform called Open Policy Finder.","Unpaywall, OpenAlex, re3data, and DOAJ are separate services not created from the Sherpa consolidation.",https://www.jisc.ac.uk/news/all/sherpa-services-combined-into-new-user-friendly-platform-open-policy-finder,
POL-007,Expert,Policy & Funder Mandates,How does the cOAlition S Rights Retention Strategy interact with a subscription journal's embargo?,"By having the funder impose a prior CC BY license on the author accepted manuscript, it lets authors share the AAM openly and immediately, overriding the publisher's embargo",It only applies after the embargo ends,It has no effect on embargoes,It requires authors to pay the publisher,It lengthens the embargo,a,"Because grantees grant a CC BY license to their AAM before submission (a prior obligation to the funder), they can deposit it openly on acceptance regardless of a publisher's stated embargo, enabling zero-embargo green OA.","The strategy defeats rather than lengthens or waits out embargoes, and it avoids, rather than requires, additional payment to the publisher.",https://www.coalition-s.org/rights-retention-strategy/,
POL-008,Expert,Policy & Funder Mandates,Which statement about the UNESCO Recommendation on Open Science is most accurate?,It applies only to European countries,It mandates specific article processing charges,"It frames open science broadly, including open scientific knowledge, open infrastructures, engagement of societal actors, and dialogue with other knowledge systems",It defines open science narrowly as open access to journal articles only,It replaces national research laws,c,"The UNESCO Recommendation takes a broad view of open science, encompassing open access and open data but also open infrastructures, open engagement of societal actors, and open dialogue with other knowledge systems, including Indigenous knowledge.","It is not limited to article access or to Europe, sets no APC levels, and is a recommendation rather than a replacement for national law.",https://www.unesco.org/en/open-science/about,
POL-009,Master,Policy & Funder Mandates,"As of the mid-2020s, what was the implementation status of the US federal public access (Nelson memo) requirements?",The memo was never implemented,Implementation was postponed to 2040,All agency policies were struck down,"Agencies were expected to have zero-embargo policies effective by around the end of 2025, with most in effect and a few still finalizing",Only one agency ever adopted it,d,"Agencies were directed to have compliant public-access policies (no embargo) in place by roughly the end of 2025; by 2026 most agency policies were in effect, with some still being finalized or paused pending further guidance.","The requirements were not struck down, ignored, limited to a single agency, or deferred to 2040.",https://sparcopen.org/our-work/2022-updated-ostp-policy-guidance/,Federal policy implementation can shift with administration guidance; re-verify current status before publishing.
